identity,gallery_image,probe_image
1955,1955_1.jpg,1955_2.jpg
1289,1289_2.jpg,1289_1.jpg
3241,3241_1.jpg,3241_3.jpg
3011,3011_1.jpg,3011_2.jpg
2832,2832_2.jpg,2832_1.jpg
2197,2197_2.jpg,2197_5.jpg
1892,1892_2.jpg,1892_1.jpg
5350,5350_1.jpg,5350_2.jpg
1781,1781_1.jpg,1781_3.jpg
581,581_47.jpg,581_2.jpg
4376,4376_1.jpg,4376_2.jpg
1331,1331_5.jpg,1331_8.jpg
1321,1321_1.jpg,1321_3.jpg
1825,1825_1.jpg,1825_2.jpg
2794,2794_1.jpg,2794_2.jpg
2907,2907_2.jpg,2907_1.jpg
5049,5049_1.jpg,5049_2.jpg
732,732_11.jpg,732_15.jpg
1296,1296_4.jpg,1296_2.jpg
5475,5475_2.jpg,5475_1.jpg
2647,2647_1.jpg,2647_2.jpg
5348,5348_2.jpg,5348_1.jpg
4353,4353_2.jpg,4353_1.jpg
2809,2809_6.jpg,2809_5.jpg
4581,4581_6.jpg,4581_1.jpg
5700,5700_1.jpg,5700_2.jpg
3269,3269_1.jpg,3269_2.jpg
1066,1066_3.jpg,1066_4.jpg
2345,2345_1.jpg,2345_2.jpg
4381,4381_1.jpg,4381_2.jpg
375,375_7.jpg,375_20.jpg
3263,3263_2.jpg,3263_1.jpg
2309,2309_3.jpg,2309_2.jpg
2768,2768_1.jpg,2768_2.jpg
3718,3718_6.jpg,3718_4.jpg
1891,1891_2.jpg,1891_1.jpg
1820,1820_2.jpg,1820_1.jpg
4054,4054_2.jpg,4054_3.jpg
1846,1846_2.jpg,1846_1.jpg
3880,3880_1.jpg,3880_2.jpg
3774,3774_1.jpg,3774_2.jpg
753,753_12.jpg,753_13.jpg
3159,3159_2.jpg,3159_3.jpg
1444,1444_3.jpg,1444_2.jpg
4671,4671_2.jpg,4671_1.jpg
5287,5287_2.jpg,5287_1.jpg
2075,2075_3.jpg,2075_2.jpg
4043,4043_2.jpg,4043_1.jpg
1711,1711_1.jpg,1711_2.jpg
5400,5400_2.jpg,5400_1.jpg
3380,3380_1.jpg,3380_2.jpg
911,911_1.jpg,911_2.jpg
3901,3901_2.jpg,3901_1.jpg
5609,5609_1.jpg,5609_2.jpg
2599,2599_2.jpg,2599_1.jpg
1639,1639_2.jpg,1639_1.jpg
1466,1466_4.jpg,1466_7.jpg
2867,2867_1.jpg,2867_4.jpg
3357,3357_2.jpg,3357_1.jpg
1722,1722_2.jpg,1722_1.jpg
2909,2909_3.jpg,2909_2.jpg
1876,1876_3.jpg,1876_1.jpg
4616,4616_1.jpg,4616_2.jpg
3931,3931_3.jpg,3931_2.jpg
2374,2374_2.jpg,2374_1.jpg
3968,3968_2.jpg,3968_1.jpg
3854,3854_2.jpg,3854_1.jpg
2732,2732_1.jpg,2732_2.jpg
3175,3175_3.jpg,3175_2.jpg
1658,1658_2.jpg,1658_1.jpg
813,813_8.jpg,813_19.jpg
2441,2441_2.jpg,2441_1.jpg
5274,5274_2.jpg,5274_1.jpg
3009,3009_2.jpg,3009_1.jpg
2382,2382_2.jpg,2382_1.jpg
4693,4693_3.jpg,4693_2.jpg
4052,4052_2.jpg,4052_1.jpg
3202,3202_1.jpg,3202_2.jpg
5439,5439_1.jpg,5439_2.jpg
2800,2800_1.jpg,2800_3.jpg
3617,3617_1.jpg,3617_2.jpg
1541,1541_3.jpg,1541_2.jpg
2876,2876_3.jpg,2876_1.jpg
1335,1335_2.jpg,1335_4.jpg
3542,3542_2.jpg,3542_1.jpg
4225,4225_1.jpg,4225_3.jpg
3188,3188_1.jpg,3188_9.jpg
1611,1611_15.jpg,1611_12.jpg
2739,2739_3.jpg,2739_2.jpg
5521,5521_2.jpg,5521_1.jpg
3531,3531_1.jpg,3531_2.jpg
2749,2749_1.jpg,2749_2.jpg
5,5_22.jpg,5_21.jpg
4173,4173_1.jpg,4173_2.jpg
4663,4663_1.jpg,4663_2.jpg
2215,2215_2.jpg,2215_1.jpg
316,316_10.jpg,316_20.jpg
3024,3024_1.jpg,3024_2.jpg
5477,5477_1.jpg,5477_2.jpg
5310,5310_3.jpg,5310_9.jpg
3145,3145_3.jpg,3145_1.jpg
5666,5666_2.jpg,5666_1.jpg
4422,4422_2.jpg,4422_3.jpg
5658,5658_1.jpg,5658_2.jpg
4207,4207_1.jpg,4207_2.jpg
3905,3905_1.jpg,3905_2.jpg
28,28_35.jpg,28_14.jpg
2186,2186_2.jpg,2186_1.jpg
5079,5079_2.jpg,5079_1.jpg
4953,4953_1.jpg,4953_2.jpg
1810,1810_2.jpg,1810_1.jpg
1475,1475_2.jpg,1475_1.jpg
1944,1944_1.jpg,1944_2.jpg
2293,2293_2.jpg,2293_1.jpg
2348,2348_1.jpg,2348_3.jpg
4378,4378_2.jpg,4378_1.jpg
659,659_7.jpg,659_25.jpg
1595,1595_3.jpg,1595_1.jpg
4092,4092_1.jpg,4092_2.jpg
4071,4071_2.jpg,4071_1.jpg
657,657_11.jpg,657_2.jpg
4747,4747_2.jpg,4747_1.jpg
5239,5239_2.jpg,5239_1.jpg
3056,3056_3.jpg,3056_2.jpg
5414,5414_3.jpg,5414_1.jpg
1108,1108_1.jpg,1108_3.jpg
1984,1984_1.jpg,1984_2.jpg
5294,5294_2.jpg,5294_1.jpg
3172,3172_1.jpg,3172_3.jpg
3385,3385_1.jpg,3385_2.jpg
4470,4470_3.jpg,4470_1.jpg
2329,2329_2.jpg,2329_1.jpg
4617,4617_2.jpg,4617_1.jpg
1034,1034_3.jpg,1034_8.jpg
3150,3150_6.jpg,3150_1.jpg
5010,5010_2.jpg,5010_3.jpg
2497,2497_2.jpg,2497_1.jpg
5063,5063_2.jpg,5063_1.jpg
1924,1924_1.jpg,1924_2.jpg
995,995_10.jpg,995_13.jpg
3424,3424_1.jpg,3424_2.jpg
811,811_4.jpg,811_12.jpg
4004,4004_1.jpg,4004_2.jpg
2356,2356_2.jpg,2356_1.jpg
5313,5313_2.jpg,5313_1.jpg
5246,5246_2.jpg,5246_1.jpg
1004,1004_91.jpg,1004_52.jpg
7,7_47.jpg,7_116.jpg
3615,3615_2.jpg,3615_1.jpg
4911,4911_2.jpg,4911_4.jpg
1224,1224_4.jpg,1224_14.jpg
1958,1958_2.jpg,1958_1.jpg
3911,3911_1.jpg,3911_2.jpg
3483,3483_1.jpg,3483_2.jpg
2959,2959_1.jpg,2959_3.jpg
1557,1557_1.jpg,1557_2.jpg
2980,2980_1.jpg,2980_2.jpg
1773,1773_4.jpg,1773_2.jpg
4893,4893_3.jpg,4893_2.jpg
1636,1636_5.jpg,1636_4.jpg
5263,5263_2.jpg,5263_1.jpg
2083,2083_3.jpg,2083_2.jpg
2100,2100_2.jpg,2100_1.jpg
4809,4809_1.jpg,4809_2.jpg
5384,5384_3.jpg,5384_2.jpg
2394,2394_2.jpg,2394_1.jpg
3161,3161_2.jpg,3161_1.jpg
5230,5230_2.jpg,5230_1.jpg
788,788_17.jpg,788_25.jpg
4383,4383_2.jpg,4383_3.jpg
2743,2743_2.jpg,2743_1.jpg
5312,5312_1.jpg,5312_2.jpg
2658,2658_2.jpg,2658_1.jpg
3512,3512_2.jpg,3512_1.jpg
4203,4203_2.jpg,4203_1.jpg
3999,3999_1.jpg,3999_5.jpg
4498,4498_2.jpg,4498_1.jpg
5149,5149_1.jpg,5149_2.jpg
4602,4602_1.jpg,4602_2.jpg
2020,2020_1.jpg,2020_2.jpg
3031,3031_2.jpg,3031_1.jpg
2843,2843_2.jpg,2843_1.jpg
1600,1600_2.jpg,1600_1.jpg
3731,3731_2.jpg,3731_1.jpg
1246,1246_2.jpg,1246_1.jpg
5692,5692_2.jpg,5692_1.jpg
5418,5418_2.jpg,5418_4.jpg
2882,2882_1.jpg,2882_2.jpg
5694,5694_2.jpg,5694_1.jpg
107,107_7.jpg,107_3.jpg
1656,1656_1.jpg,1656_2.jpg
1566,1566_2.jpg,1566_1.jpg
2875,2875_1.jpg,2875_3.jpg
1623,1623_3.jpg,1623_1.jpg
133,133_40.jpg,133_58.jpg
3676,3676_1.jpg,3676_2.jpg
5119,5119_4.jpg,5119_2.jpg
2946,2946_2.jpg,2946_7.jpg
3270,3270_1.jpg,3270_2.jpg
4891,4891_1.jpg,4891_2.jpg
2761,2761_3.jpg,2761_1.jpg
2133,2133_1.jpg,2133_2.jpg
5548,5548_2.jpg,5548_1.jpg
5596,5596_2.jpg,5596_1.jpg
4798,4798_1.jpg,4798_2.jpg
2999,2999_2.jpg,2999_1.jpg
48,48_12.jpg,48_3.jpg
4266,4266_2.jpg,4266_3.jpg
2586,2586_2.jpg,2586_4.jpg
1831,1831_2.jpg,1831_1.jpg
1848,1848_4.jpg,1848_2.jpg
4447,4447_2.jpg,4447_1.jpg
3850,3850_1.jpg,3850_4.jpg
4385,4385_2.jpg,4385_1.jpg
4291,4291_2.jpg,4291_1.jpg
4738,4738_1.jpg,4738_2.jpg
1523,1523_2.jpg,1523_1.jpg
1860,1860_2.jpg,1860_1.jpg
1577,1577_2.jpg,1577_1.jpg
4237,4237_4.jpg,4237_3.jpg
3738,3738_2.jpg,3738_1.jpg
1941,1941_1.jpg,1941_3.jpg
3036,3036_2.jpg,3036_1.jpg
2594,2594_2.jpg,2594_3.jpg
4578,4578_2.jpg,4578_1.jpg
22,22_26.jpg,22_29.jpg
2529,2529_3.jpg,2529_2.jpg
4699,4699_2.jpg,4699_1.jpg
3043,3043_2.jpg,3043_1.jpg
1688,1688_2.jpg,1688_1.jpg
4538,4538_7.jpg,4538_5.jpg
5387,5387_1.jpg,5387_3.jpg
1855,1855_2.jpg,1855_1.jpg
150,150_3.jpg,150_9.jpg
5319,5319_2.jpg,5319_1.jpg
1165,1165_12.jpg,1165_22.jpg
1824,1824_5.jpg,1824_7.jpg
2939,2939_2.jpg,2939_1.jpg
2403,2403_2.jpg,2403_1.jpg
4260,4260_2.jpg,4260_1.jpg
4892,4892_1.jpg,4892_4.jpg
4854,4854_2.jpg,4854_1.jpg
2757,2757_2.jpg,2757_1.jpg
4220,4220_2.jpg,4220_3.jpg
1561,1561_2.jpg,1561_1.jpg
2390,2390_2.jpg,2390_1.jpg
4045,4045_2.jpg,4045_3.jpg
1016,1016_11.jpg,1016_5.jpg
4141,4141_1.jpg,4141_2.jpg
3162,3162_1.jpg,3162_2.jpg
4632,4632_1.jpg,4632_2.jpg
3325,3325_3.jpg,3325_2.jpg
4382,4382_1.jpg,4382_2.jpg
5434,5434_4.jpg,5434_1.jpg
4897,4897_2.jpg,4897_1.jpg
2307,2307_1.jpg,2307_7.jpg
2581,2581_1.jpg,2581_2.jpg
3407,3407_1.jpg,3407_2.jpg
2789,2789_1.jpg,2789_2.jpg
1560,1560_2.jpg,1560_1.jpg
5622,5622_1.jpg,5622_2.jpg
5331,5331_2.jpg,5331_1.jpg
1578,1578_3.jpg,1578_1.jpg
3525,3525_2.jpg,3525_1.jpg
1554,1554_2.jpg,1554_3.jpg
1496,1496_1.jpg,1496_3.jpg
5664,5664_9.jpg,5664_6.jpg
4820,4820_1.jpg,4820_2.jpg
5024,5024_1.jpg,5024_5.jpg
5250,5250_1.jpg,5250_2.jpg
2321,2321_2.jpg,2321_1.jpg
1550,1550_4.jpg,1550_6.jpg
5064,5064_1.jpg,5064_2.jpg
1726,1726_1.jpg,1726_3.jpg
2556,2556_1.jpg,2556_2.jpg
1630,1630_1.jpg,1630_2.jpg
649,649_2.jpg,649_3.jpg
1626,1626_3.jpg,1626_1.jpg
2931,2931_4.jpg,2931_2.jpg
4246,4246_4.jpg,4246_2.jpg
2015,2015_2.jpg,2015_1.jpg
5536,5536_2.jpg,5536_1.jpg
3021,3021_2.jpg,3021_3.jpg
5620,5620_1.jpg,5620_2.jpg
641,641_11.jpg,641_12.jpg
1412,1412_2.jpg,1412_1.jpg
926,926_28.jpg,926_9.jpg
174,174_8.jpg,174_10.jpg
4352,4352_2.jpg,4352_1.jpg
5509,5509_1.jpg,5509_2.jpg
5194,5194_1.jpg,5194_2.jpg
3547,3547_1.jpg,3547_2.jpg
3134,3134_2.jpg,3134_1.jpg
2687,2687_2.jpg,2687_1.jpg
3529,3529_1.jpg,3529_2.jpg
2952,2952_2.jpg,2952_3.jpg
3163,3163_1.jpg,3163_2.jpg
4178,4178_1.jpg,4178_4.jpg
2121,2121_2.jpg,2121_3.jpg
3434,3434_2.jpg,3434_3.jpg
